age_interval_ll,mortality_rate
0,766.0234494091029
1,65.40690025359575
5,17.1765445842087
10,14.97121878313816
15,23.62176830839835
20,34.09786076399572
25,45.03257881464191
30,68.35507318335587
35,109.39581377866037
40,178.6683978400164
45,278.09294500933646
50,461.4214625730699
55,733.8681213725928
60,1160.300058093775
65,1755.2216411253426
70,2780.430145328931
75,4389.140781267832
80,7380.9639628339155
85,11622.585899818583
90,17129.9568738469
95,26821.00769476258
